{
  "cruise_lines": [
    {
      "cruise_line_id": 5,
      "cruise_line_name": "Moon Kingdom Cruises",
      "cruise_ship_name" : "Saturn"
    },
    {
      "cruise_line_id": 8,
      "cruise_line_name": "Revelexiclus Cruises",
      "cruise_ship_name" : "PHPers"
    },
    {
      "cruise_line_id": 1,
      "cruise_line_name": "Trogdor Cruises",
      "cruise_ship_name" : "Burninator"
    }
  ],
  "sailings": [
    {
      "sailing_id": 60,
      "sailing_name": "Bahamas Cruise",
      "sailing_cruise_line_id": 5,
      "sailing_main_image": "http://i.imgur.com/xCLiMOj.jpg",
      "sailing_options": [
        {
          "sailing_price": 300,
          "sailing_date": "Feb 19, 2016"
        },
        {
          "sailing_price": 198,
          "sailing_date": "March 01, 2016"
        },
        {
          "sailing_price": 200,
          "sailing_date": "June 15, 2016"
        }
      ]
    },
    {
      "sailing_id": 65,
      "sailing_name": "Jamaica Cruise",
      "sailing_cruise_line_id": 8,
      "sailing_main_image": "http://i.imgur.com/4V0D6IK.jpg",
      "sailing_options": [
        {
          "sailing_price": 300,
          "sailing_date": "Feb 11, 2016"
        },
        {
          "sailing_price": 350,
          "sailing_date": "March 4, 2016"
        },
        {
          "sailing_price": 400,
          "sailing_date": "June 5, 2016"
        }
      ]
    },
    {
      "sailing_id": 70,
      "sailing_name": "Mexico Cruise",
      "sailing_cruise_line_id": 1,
      "sailing_main_image": "http://i.imgur.com/a82YKej.jpg",
      "sailing_options": [
        {
          "sailing_price": 350,
          "sailing_date": "Feb 18, 2016"
        },
        {
          "sailing_price": 300,
          "sailing_date": "March 20, 2016"
        },
        {
          "sailing_price": 250,
          "sailing_date": "June 30, 2016"
        }
      ]
    }
  ]
}
